use geekbrains;
INSERT INTO `faculties` VALUES ('1','C++','факультет разработки С++'),
('2','Java','факультет Java-разработки'),
('3','Kotlin','факультет Kotlin-разработки'),
('4','Swift','факультет разработки приложений IOS'),
('5','Python','факультет Python-разработки'),
('6','Game development','факультет разработки игр'),
('7','Web development','факультет Web-разработки'),
('8','C#','факультет разработки C#'),
('9','Golang','факультет GO-разработки'); 



insert into `groups` (group_name, faculty) values 
('Python_g01', 5),
('Python_g02', 5),
('C++_g01', 1),
('C#_g01', 8),
('Java_g01', 2),
('Swift_g01', 5),
('GD_g01', 6),
('WD_g01', 7),
('Go_g01', 9),
('Go_g02', 9);


INSERT INTO `users` VALUES ('1','Logan','Hane','ellsworth94@example.net','22e6024473b0162ccd67faa9fb998bbbd917a155','80243702246','3'),
('2','Garry','Thiel','annetta21@example.net','0bea3905d7e86f606be5537bd4179fce683a9722','89829676845','4'),
('3','Trinity','Shanahan','kbernhard@example.net','dd5da0ca969f7c9ea3a5c3ebd9fa6563af5f358a','81237150458','9'),
('4','Maye','Crooks','jude03@example.com','f34139405127388ce241e778e88a5577ce45a00c','88952730670',null),
('5','Miles','Gleason','ko\'hara@example.org','252bbae51c2bb8a73d99126b359b945fb2b76ed6','88970514824','7'),
('6','Maya','Friesen','vframi@example.com','26f822f66be8b504499f09dceeadeb0e3faa5468','81364762824','1'),
('7','Consuelo','Ward','gosinski@example.com','3df8f220159549874007d87c32f18e4e0347450f','84180599916','3'),
('8','Keshaun','Krajcik','christiansen.sylvia@example.org','c794ab60a41106fd6339d03fb57ac34b9468a9c4','82679264559','3'),
('9','Ciara','Gerhold','jtremblay@example.com','f961855b69a73bcc0aa30474a829391d188f5fd3','88352653151','2'),
('10','Toni','Rosenbaum','jamir62@example.com','6cf64e6c655ca810ac11c1e2fe79880a12db3e3e','88427005279','8'),
('11','Emily','Ziemann','fprice@example.com','498357cca16e7027d413a85e33d67b5779cbb608','81131517658',null),
('12','Luigi','VonRueden','belle58@example.com','e3cdb4969dbeb6700cbffde35830301a083750f7','82244866741','6'),
('13','Molly','Lind','ilabadie@example.net','76b581926fde6f62b0ad014075fca3767749f0e6','80849779117','7'),
('14','Domenick','Botsford','kayley84@example.org','15309ae9d600febe7af75959c72a5d14d3ade9b2','81526371520','7'),
('15','Bessie','Abshire','qschoen@example.org','8d85052b29d79d2ca31b22617b272bf80b41e48b','89248794857','8'),
('16','Jamir','Pagac','bernita24@example.org','749e3139ee7daa6ab8e7abca275d2e857981494d','83965021618','3'),
('17','Tyreek','Brown','jhaag@example.org','6c4f614ba46f55edc60d07cded4a1b261fbc52ec','86147801331','7'),
('18','Curtis','Lehner','kole.huels@example.net','3e97d24235062ccdf7ea9b29251346c752c16b44','87484084009',null),
('19','Asia','Skiles','wisozk.norma@example.com','52d9d9e6697fc3841c9d83aa59513bfb14399dea','89872561893','6'),
('20','Adriana','Grimes','harry.smitham@example.org','4f94507a5ab3616c8b259d180d170445bbd1530e','87197238565','7'),
('21','Freida','Hessel','lera75@example.com','187b4966cc225f669b169f23383b604864987d3f','84063822464','3'),
('22','Dominique','Williamson','lemke.summer@example.org','0a506f1f6789a3e501404a639eb36254c5d9d2c5','87257498418','1'),
('23','Jayne','Dietrich','robel.clementine@example.com','89f27c3962e556c515babf6ae2a1e11f0245c020','89315942730','9'),
('24','Gerda','Rempel','olittel@example.net','c46a993bf84836d5227645e5c54fc1dc9913ab35','86253124196','8'),
('25','Cathy','Langosh','ottis25@example.net','3e78885f2e65ded89ddd1e8b6a20e90df5470657','88131936728','10'),
('26','Rodrigo','Grant','general77@example.com','906e28f9745d3f95cdb4d34dbda8d557be6604ba','80454061366',null),
('27','Aliza','Dach','mrath@example.net','ebb686853bc86dbbda1fc5e53990f6e6d70bd4a4','89084701174','1'),
('28','Desiree','Bahringer','beatrice94@example.org','2cad856211669e40912fb14f1a95743e7869b1c1','84289857028','2'),
('29','Kamille','Wisoky','eldridge.mayert@example.org','acd67a806bce1528f2e36774f31e341d4990a6c0','81753119695','1'),
('30','Ida','Osinski','jaqueline.mitchell@example.org','201574f6789ab23d00c1371a5b90d0d3eb61545e','80508666839','2'),
('31','Marilyne','Bernier','mwunsch@example.net','966829fd147c258865e0c20e460f5e37ad377909','86915965452','6'),
('32','Martine','Lebsack','bobby.schroeder@example.org','8780b6da9ca3f98610b6bab986e29d87e6339ae4','84907840616','4'),
('33','Pat','Maggio','damien.hahn@example.com','e9e08f474c2e43e31a2bc905afd248bbe809a4f0','82541699744','10'),
('34','Francesco','Carter','obatz@example.net','9dab6c57a4057d565829abc757dc30da00202289','84495953856','2'),
('35','Christophe','Cronin','rudy91@example.org','e0d5da23d85d78f8e6bfd65f64b3dedd80e130ca','80301619842','1'),
('36','Katelyn','Wunsch','jorge.zemlak@example.net','2f6df03e178020604a13f3a8e695d2b91a6d0a14','87107548974','1'),
('37','Felicity','Bahringer','hudson.augusta@example.net','3f89d70d2c5a709cf8d67181750212e0d530d9ae','86843731664','4'),
('38','Emmett','Hammes','gcormier@example.com','cf4d814da31cb25ef49cb0cbc0ecfa8a9de921c9','83826896557','3'),
('39','Woodrow','Cummerata','gutmann.brendon@example.net','85683f32664af8e522bdd04c62eb65bdce1cdb54','84997958634','8'),
('40','Maye','Lemke','dameon51@example.net','fdd37b00f81c9b73e0a39c0d92447572ef70c3c7','85824627852','9'),
('41','Elmira','Schinner','savannah22@example.net','a62553b37d72f57f8f519570dd5045e4043d9c01','82321982355','7'),
('42','Billie','Kassulke','corrine05@example.org','c8d3006927c03ec21532c0a0dc7d3c4a1eea3f79','85932043469','3'),
('43','Joanny','Doyle','d\'angelo96@example.com','202f576663b78865915801aa7b57d9fdfb07a2b2','82426614654','1'),
('44','Randall','Reichert','jennifer.langworth@example.com','c35ca5ea221b3058c4172a6606a8ddd702162bbc','87357181743',null),
('45','Ethyl','Kertzmann','ova.cole@example.org','c13efc0446fcaac515eb4e805aeeb0d9d48ccb00','85063616894','9'),
('46','Mackenzie','Marvin','oauer@example.net','8761bba9a59dc4ebdd4101512f54fd84d39eb82d','88062295964','2'),
('47','Dallin','Weber','freeman.grimes@example.com','8530c6c20f9932b42eeec49efcb0dd198f92a3e2','80390396402','9'),
('48','Jana','Bernier','abelardo.balistreri@example.com','df393906d884b0c1e1c68c83e16f858628873ad1','83272284413','4'),
('49','Britney','Morissette','jefferey61@example.net','549e20b7f167515a02e5012cb8b3794a24b47891','86808298621',null),
('50','Madison','Lang','claud.gorczany@example.com','d1eb98ee74e4bb36951a47dc68d40f6c92b197af','89587714974','8'),
('51','Jayne','Jaskolski','atoy@example.net','ff78a43ebe47a8ecc29b57c15c539e9d31044c73','84439107747','4'),
('52','Brandy','D\'Amore','rkoch@example.net','d017ebc5f4bf046d39ac8c7476d3d0d4cf7f389d','89756389558','9'),
('53','Brianne','Boehm','jewel16@example.org','7c3db80d933fd2857a1655fd5cdc10ddc2cd6c4e','89125344562','1'),
('54','Cordelia','Champlin','mwhite@example.org','fb05c5359203db335cb5b25265ae229b4afcf406','82005074368','10'),
('55','Destinee','Weissnat','berge.abner@example.org','ee27dd141e01e6c6b3efb4114aa6fb3560403ef5','87465880424','4'),
('56','Alexane','Leuschke','kohler.sister@example.org','21d9d96cb9aeacd6f4bcc864f9f8fb8b0a5f7465','86554612447','9'),
('57','Marcus','Botsford','gutkowski.jasper@example.net','708ccaf10fd72e65eb005f4b33239c2057dbd1fa','85506207933','5'),
('58','Ozella','Kilback','haag.mayra@example.org','9fe956ecb79f3037515ab5b87eaf6b1a8a3e5a8b','81503860284','7'),
('59','Wilhelm','Dach','estrella84@example.com','d29c5398fa7e24c58a3ebf188c539e5029b1f4af','80353931635','6'),
('60','Kyle','Fisher','christopher.kshlerin@example.net','a31800f65db71ad7cda583bf0b400b5d0c3d8133','81337911174','10'),
('61','Ophelia','Fisher','ikonopelski@example.org','a5b10a9a9a210dc355e447b63bd54d08a629e06e','84650033065','8'),
('62','Conor','Brakus','mrolfson@example.net','59ac1cb30f544a2d16cf44bc415f2689a286218e','84037912171','7'),
('63','Aaron','Gibson','von.percival@example.com','436e86321e1fb63ac30fa28d8d234b353af6a808','83034327086','7'),
('64','Eldora','Eichmann','modesto.gislason@example.net','65ead8cd66bf4f493ae8b281da7e6a52af75bae4','80574831329',null),
('65','Dimitri','Watsica','vanderson@example.net','f03957a545bce2c8b3543131f2373aacaacbb16c','83801243202','7'),
('66','Dell','Schiller','caleb16@example.com','1aa2596f64f64771e78ea63ef7bf174f72048d35','86787522393','7'),
('67','Helga','Dibbert','ledner.mafalda@example.com','6b91256a374e6e48636ac36affa92e9e63f2c1c5','81831703931','1'),
('68','Candace','Gusikowski','daltenwerth@example.com','92c895e56abdee6c14bcfea43cb7553246a5db1b','81711035696','2'),
('69','Sandy','Balistreri','xwillms@example.com','99a047cee26075ac3523ec174f7498bcc6780361','85247504264','4'),
('70','Mariane','Hessel','jett70@example.com','d9bfd78ba3894ac04de55e2ce5a737607975ba7e','89937985725','5'),
('71','Lynn','McClure','nathan63@example.net','105e2bb28893a0d3b7cbdc2681f709e56c4ba31f','84974787333','5'),
('72','Nya','Stokes','hkling@example.com','7fed49c5b545aabfbf51684f7ce507ab6c17db68','88642613440','5'),
('73','Pansy','Schumm','moen.travon@example.org','04f0cb11de5c20e56922050ea06eb520f47f1528','82905592480','8'),
('74','Jules','Swaniawski','qkozey@example.net','7eb20da7a9fcf12c814825a260079a6100725a18','83134342189','5'),
('75','Janice','Rath','okuneva.rowan@example.com','e3334b762f4fb26a3aa532a4cb99e72d32e0700f','88077977830','5'),
('76','Furman','Prohaska','eldred98@example.com','b525dc76721e529fa9cd88f030a30edd9fcaf9fa','82896171365','8'),
('77','Bettye','Gibson','bernhard.esteban@example.com','8605f4df41ea937e25a542da1c1872aa70bf86b2','88158391262',null),
('78','Hunter','Hansen','schulist.elena@example.org','5c95d92662bb2d2f6a4e8dce7d715e75c0707d42','89637494422','3'),
('79','Khalil','Raynor','anne99@example.org','f4146445fce8217f4970f0662dd9967084f1f5c3','84641190250','4'),
('80','Monte','Morar','osmitham@example.org','ffb8010a6d698b68745d6146a5528430097babb3','85828413916','1'),
('81','Sabina','Keeling','darrell.nitzsche@example.com','7d90837daf818d34935087ad65d43e6adc1d7df0','87828780184','10'),
('82','Christelle','Wolf','blick.john@example.org','04558cd978100ade5da86468cc95edc21a9e1714','81313111330','7'),
('83','Kailyn','Johnson','jhickle@example.net','4eeb232fcf617e01ad1a1de49143809d844175b7','80235579074','10'),
('84','Sydnie','Kuhic','valentina65@example.com','90fb7b41cea951c522506dc79c2c27ab6e6dd490','89999547675','1'),
('85','Beaulah','Ebert','isobel.spencer@example.org','c9b01f97a675860c7cd87dae6d6441cdccac07a6','85800984520','2'),
('86','Mae','Kilback','rcollins@example.org','f9c57eb4edaa46fe606d2663c8c9acc3cb8fd32b','80016179168','6'),
('87','Margarita','Paucek','dkessler@example.org','615bbc941c7398b3c383eb81fa5251b76a96dd3d','80849279309','6'),
('88','Linnie','Heathcote','eladio79@example.net','923ee783c511a4d5ea0d396411a9423f9251b51a','88232986470','9'),
('89','Dylan','Gerlach','madelynn05@example.net','de5c05bf64071bd7544d17f3859317c7dfc1bb20','84034028360','8'),
('90','Ida','Mosciski','ho\'hara@example.com','e98d45e8184fe95cbc322a8ba7552e5a61ff71a8','82760013015','5'),
('91','Nellie','Deckow','funk.meggie@example.org','3e28ac9238c02d5d79cf88581d6de2f112abe441','86770889875',null),
('92','Jorge','Hansen','leilani.collier@example.com','0a40efcb5a9c3fead35d615de3a5127823470d99','89188762102','5'),
('93','Adam','Dickinson','hubert49@example.net','751e024289ee73e6c7c282f62731016e64857f59','86475892849','2'),
('94','Abelardo','Koch','maribel.kerluke@example.com','5a9ba970d784a91cb6321057b1e0616c601e1833','81778341690',null),
('95','Alyce','Mann','zeffertz@example.org','67f1a90ff4a0d2967f38aef037019bc05b51e9e9','89202413321','9'),
('96','Ludwig','Schmeler','karley.kunde@example.org','85098a95dcf4dfadbccf238db0d0e8eb9266a96b','81793548231','3'),
('97','Elisha','Wilderman','runte.destin@example.org','14b738304ef433601ff3572d1aad14b2876d7e89','85946935773','10'),
('98','Berniece','Kutch','javonte.connelly@example.net','ed4bc10d59bdce8f52de11307f0aa2e2b040036b','84424585737','9'),
('99','Jacynthe','Reilly','bhauck@example.com','c2ae1f2ca8d07b8e64d576a5d482a54b127fc049','87178700310','1'),
('100','Tianna','Zulauf','cathrine.zieme@example.net','2a9fe649887c1740648af9d53f58f0203c95f44d','88163884757','8'); 



INSERT INTO `profiles` VALUES ('1','m','1992-05-20',NULL,'1985-07-06 16:32:18','Champlinfurt'),
('2','m','2017-07-03',NULL,'1977-12-16 03:05:04','North Dejuanfurt'),
('3','m','2009-03-26',NULL,'2013-04-26 19:27:48','East Carley'),
('4','f','1993-12-21',NULL,'2012-09-09 06:53:13','O\'Reillymouth'),
('5','m','1977-06-01',NULL,'1975-03-04 05:10:51','Abelardoview'),
('6','f','1991-02-23',NULL,'1973-09-26 14:21:07','Jarrellmouth'),
('7','m','2003-05-31',NULL,'1981-06-25 21:08:11','Lake Zulaberg'),
('8','f','1974-05-17',NULL,'2007-01-04 08:04:17','Abbotttown'),
('9','f','1981-05-25',NULL,'2005-09-29 22:21:45','South Stephanyberg'),
('10','f','1986-02-23',NULL,'2018-07-29 12:31:19','North Madysontown'),
('11','f','2002-10-26',NULL,'2010-10-24 13:10:05','North Danika'),
('12','f','1975-02-04',NULL,'2012-12-10 13:43:01','Port Finnstad'),
('13','m','1983-01-25',NULL,'2011-04-18 00:29:04','Strackechester'),
('14','f','2009-07-08',NULL,'1999-06-25 03:50:54','Mitchellhaven'),
('15','f','1991-02-15',NULL,'1980-06-12 20:25:40','Harbermouth'),
('16','f','1984-07-24',NULL,'1975-09-07 19:14:46','South Donatoshire'),
('17','m','2016-09-10',NULL,'1975-09-14 17:01:43','Omaburgh'),
('18','m','1978-08-15',NULL,'1998-12-28 02:06:19','Walshton'),
('19','m','2006-02-10',NULL,'1986-08-21 14:38:14','Emmieville'),
('20','f','1986-04-13',NULL,'1973-02-16 05:29:35','Port Keshawn'),
('21','f','1978-08-06',NULL,'2004-12-28 15:16:31','Port Ariton'),
('22','m','1992-10-06',NULL,'2020-03-08 06:43:36','North Quentinfort'),
('23','m','1991-06-28',NULL,'1998-01-12 18:26:10','Rathhaven'),
('24','f','1992-01-08',NULL,'1995-02-26 05:27:39','Meaganview'),
('25','f','2004-09-06',NULL,'1999-05-27 06:02:31','Lake Rosamondburgh'),
('26','m','1970-12-29',NULL,'1988-08-27 21:34:04','Oletafort'),
('27','f','2001-03-18',NULL,'1991-04-08 14:27:11','Stoltenbergchester'),
('28','m','1994-08-12',NULL,'1990-02-04 11:09:56','Robelville'),
('29','f','2016-07-10',NULL,'2011-12-05 18:44:29','South Einar'),
('30','m','2009-06-20',NULL,'1996-03-31 13:35:08','Maceymouth'),
('31','f','1973-02-27',NULL,'1984-01-13 08:10:57','Corwinberg'),
('32','m','1970-09-09',NULL,'2004-12-28 05:42:37','South Garrisonfort'),
('33','f','1992-06-11',NULL,'1997-07-15 20:06:18','Runteburgh'),
('34','m','1982-03-01',NULL,'1990-03-10 10:21:27','Joaquinshire'),
('35','f','2002-10-28',NULL,'1972-05-30 21:26:09','Sidville'),
('36','m','2020-04-14',NULL,'2010-05-16 03:50:07','Beahanfurt'),
('37','m','1977-12-13',NULL,'1993-05-08 17:47:47','Sadyemouth'),
('38','m','1991-07-05',NULL,'2011-03-21 14:07:51','Dagmarport'),
('39','f','2017-05-12',NULL,'1978-09-12 08:57:57','Hodkiewiczshire'),
('40','f','1980-12-12',NULL,'2016-09-04 20:20:17','South Chaimchester'),
('41','m','1988-07-07',NULL,'1980-09-04 18:56:01','East Jeanhaven'),
('42','f','1984-05-21',NULL,'2003-07-23 01:26:39','Wittingbury'),
('43','f','1995-12-25',NULL,'2008-10-21 18:52:02','East Keeleyhaven'),
('44','m','1978-08-10',NULL,'1986-08-19 05:10:41','West Telly'),
('45','m','1996-01-22',NULL,'2006-08-15 07:55:22','Port Doris'),
('46','f','1979-05-23',NULL,'2005-09-06 22:56:45','Labadieborough'),
('47','m','1972-10-04',NULL,'2003-09-13 04:02:12','Port Delaney'),
('48','f','1989-05-03',NULL,'1971-05-28 13:21:07','Port Rafaelchester'),
('49','f','1981-03-28',NULL,'1984-09-08 05:15:11','Rodrigoburgh'),
('50','m','2004-06-04',NULL,'1992-10-18 16:51:19','Zacherymouth'),
('51','f','2015-07-17',NULL,'1997-02-13 16:47:19','South Trycia'),
('52','m','1990-07-11',NULL,'1971-04-19 23:30:22','Savanahbury'),
('53','m','1982-11-04',NULL,'1993-06-27 17:38:14','New Sallyside'),
('54','f','2006-09-15',NULL,'1984-10-12 09:40:38','Mayertmouth'),
('55','f','2003-05-29',NULL,'1984-11-22 08:51:20','South Haven'),
('56','f','1986-11-19',NULL,'1998-09-05 07:36:55','Gildaborough'),
('57','f','2003-10-05',NULL,'1973-04-23 16:54:25','North Alveramouth'),
('58','m','2002-01-04',NULL,'1996-02-21 20:35:07','Gusikowskiberg'),
('59','m','2012-09-16',NULL,'1990-02-20 17:36:41','Ramirostad'),
('60','f','1999-01-29',NULL,'1992-09-16 02:20:18','Marquardtville'),
('61','m','2005-07-13',NULL,'1982-08-11 22:09:29','Schusterbury'),
('62','f','1990-08-07',NULL,'1979-06-16 05:25:39','East Careyside'),
('63','m','2013-11-14',NULL,'1971-03-06 02:44:42','Bauchshire'),
('64','m','1999-12-11',NULL,'1974-09-18 03:51:08','Newtonberg'),
('65','m','1983-02-12',NULL,'2015-12-19 10:57:01','Lake Orrinberg'),
('66','m','1996-04-17',NULL,'2014-07-17 19:12:38','Eulaliatown'),
('67','f','2014-09-09',NULL,'2002-07-05 13:43:44','Lonnyville'),
('68','f','1981-09-24',NULL,'1987-11-09 12:42:44','Lake Eriberto'),
('69','f','1975-09-24',NULL,'1978-08-29 18:06:37','South Orvilleberg'),
('70','f','2008-12-12',NULL,'2004-02-02 06:21:22','Wunschborough'),
('71','f','1985-09-25',NULL,'1979-02-14 17:34:25','Thielville'),
('72','f','2007-10-18',NULL,'1977-01-02 19:58:09','Jodyview'),
('73','f','1993-08-14',NULL,'1993-08-31 07:52:52','Jamalshire'),
('74','m','2019-04-08',NULL,'1972-05-27 03:57:39','East Kieranchester'),
('75','m','2011-09-01',NULL,'2002-10-30 23:41:36','Vernieside'),
('76','f','1993-04-25',NULL,'1983-07-14 07:16:25','Nicolaston'),
('77','f','2004-01-21',NULL,'1985-02-24 08:12:05','Framiton'),
('78','f','1997-01-02',NULL,'1981-06-20 17:08:18','Ernestville'),
('79','m','1974-05-04',NULL,'1972-08-21 15:00:30','Walterborough'),
('80','f','2017-08-20',NULL,'2005-11-22 06:52:51','Port Hassanport'),
('81','f','2016-01-13',NULL,'1977-12-29 17:19:10','Eliseomouth'),
('82','f','2018-06-10',NULL,'2016-11-14 20:57:55','Yadirachester'),
('83','f','1987-06-02',NULL,'2008-06-08 10:13:41','Wilmastad'),
('84','m','1988-07-15',NULL,'1972-12-25 23:26:53','Randymouth'),
('85','m','1982-05-26',NULL,'1979-01-29 00:05:32','Bodeland'),
('86','m','1992-11-30',NULL,'1993-12-14 01:12:29','Hacketttown'),
('87','f','1988-08-11',NULL,'1970-12-27 20:37:40','Ferminborough'),
('88','f','1976-12-06',NULL,'2009-11-21 22:25:21','Lake Golda'),
('89','m','1979-04-20',NULL,'1981-07-19 10:05:10','Leschborough'),
('90','m','1989-03-16',NULL,'1992-06-14 02:23:04','Port Reinastad'),
('91','m','1995-04-09',NULL,'1998-10-17 06:08:14','New Camrynborough'),
('92','m','1981-11-28',NULL,'1974-04-14 15:11:42','East Jazmyneview'),
('93','f','1993-12-03',NULL,'1979-06-28 20:55:48','South Herbert'),
('94','m','1970-12-31',NULL,'1973-12-24 17:52:24','Maritzafort'),
('95','f','1981-12-28',NULL,'1991-01-14 20:28:25','Lake Blazebury'),
('96','f','2017-07-05',NULL,'1990-07-13 05:15:13','Kohlerburgh'),
('97','f','1974-06-18',NULL,'2005-04-07 19:57:16','Hermistonhaven'),
('98','m','2000-10-14',NULL,'2011-07-02 21:59:18','Gutmannfurt'),
('99','m','1988-05-20',NULL,'1991-04-16 17:41:04','Kochview'),
('100','m','2004-04-04',NULL,'1986-06-23 15:01:48','Port Katlyn'); 



INSERT INTO `media_types` VALUES ('1','фото','2018-05-20 19:54:26'),
('2','видео','2017-08-28 10:53:02'),
('3','документ','2018-06-11 01:08:34'); 




INSERT INTO `messages` VALUES ('1','48','69','Consectetur et molestias voluptates eveniet omnis aliquid inventore. Fuga expedita sed at velit quia totam. Accusantium consequuntur id a vero aut eius fugiat in. Ullam alias saepe quos placeat sunt doloribus. Quod optio hic quisquam officia.','1982-03-21 08:35:19'),
('2','79','39','Accusantium quibusdam ut magnam delectus ut tempora. Cum dolor voluptatem reprehenderit dicta distinctio. Veniam sit et dicta sint autem aliquid consequatur. Nam nulla dolor vitae aut omnis ex.','1990-04-02 10:52:40'),
('3','18','70','Quo quia neque aspernatur accusamus magni ducimus pariatur. Atque deserunt sequi nemo rerum est autem. Maiores est ut dolore sed facilis omnis rerum placeat.','1994-12-09 23:44:16'),
('4','22','17','Voluptatem nam dolorem ut hic qui. Optio ad placeat nemo vel. Voluptas est modi asperiores ea inventore ab. Id a repellendus aut provident debitis est soluta.','2004-07-11 02:45:56'),
('5','91','61','Quis ex atque occaecati qui et commodi quaerat aut. Natus eum explicabo sit quos error. Molestiae aspernatur et saepe vel excepturi blanditiis. Qui qui et voluptatibus quis.','1980-12-23 07:29:22'),
('6','46','97','Minus reiciendis aut quos. Sapiente atque consequatur numquam corrupti ab. Quaerat iste culpa tempora nulla. Molestias et molestiae est dignissimos esse. Est repellendus est ut velit debitis quo iste.','1981-03-21 11:17:33'),
('7','22','16','Laborum voluptatem repudiandae temporibus. Placeat rerum rerum suscipit sed deleniti.','1989-11-02 06:59:45'),
('8','1','11','Rerum cum nostrum et omnis quos. Reiciendis ut quisquam dolor fugit facilis velit illo. Non eos iusto ipsam repellat voluptas maxime.','2020-02-09 21:32:29'),
('9','52','30','Ducimus quae eos exercitationem et est sapiente. Repellendus voluptas cum alias placeat sapiente.','2020-01-18 17:04:36'),
('10','89','97','Eaque error odio incidunt quia. Assumenda quas accusamus provident fuga iure. Ea delectus cum illum adipisci. Sed et dicta sapiente.','2005-09-08 19:00:07'),
('11','40','5','Illo laborum sint doloremque temporibus id ab perspiciatis. Dolores et nulla et quam repellat aut fugit. Voluptatem optio laboriosam laborum error eveniet numquam. Vitae aliquid velit fugiat nihil nisi.','1978-10-06 01:39:42'),
('12','76','93','Et illum in est a aspernatur eos blanditiis. Sed ut ducimus velit consectetur voluptas.','1976-12-30 14:45:08'),
('13','64','4','Repellendus odit sint excepturi accusantium ex occaecati et. Non ut sit minima sit. Aspernatur quasi neque vel vel sit.','2016-04-20 11:19:27'),
('14','54','21','Et voluptatem et iure vitae eum debitis ipsum. Mollitia et et aliquam dolores sed quia aut. Rerum ducimus a consequuntur voluptas minus laboriosam. Eveniet provident et aut maxime nemo minima.','1978-11-19 04:48:41'),
('15','80','13','Id aut nostrum debitis. Ut architecto dolor rerum facere voluptas autem. Fuga odit qui atque voluptate. Nihil qui laudantium iure adipisci quam aut autem.','2011-06-02 15:11:33'),
('16','1','11','Exercitationem voluptatum enim repellat occaecati pariatur. Voluptatem est quis ullam maiores nostrum excepturi blanditiis. Omnis est voluptatem repellendus laboriosam deserunt voluptas voluptatem.','1971-09-01 00:16:43'),
('17','74','7','Porro quam ducimus eligendi harum et. Ratione rerum est ad vitae nisi aspernatur.','1978-05-08 20:15:06'),
('18','53','97','Rerum autem nesciunt quod. At vero ad quod quisquam atque. Repellat sit culpa accusantium et excepturi pariatur. Ex corporis eius distinctio autem et qui.','2005-07-22 08:28:16'),
('19','72','83','Nostrum occaecati magnam ut animi. Repellat rerum nihil aperiam officiis. Maxime recusandae dolores temporibus sed eveniet minima. Corrupti exercitationem sed mollitia id.','2020-06-25 12:58:58'),
('20','5','99','Est perspiciatis maiores praesentium eius. Id est quam est cum et quia suscipit tenetur. Quod blanditiis minus aut perferendis.','2017-02-28 11:12:49'),
('21','23','84','Ut est id asperiores omnis nihil ipsum sit alias. Quos deleniti est fugiat amet ipsum.','1987-12-14 23:03:53'),
('22','60','4','Totam et sequi error assumenda. Modi et vitae ut blanditiis totam. Aperiam amet qui qui maiores repellendus labore. Voluptate libero ratione sit. Beatae dicta ut sint quia.','2007-12-04 08:45:16'),
('23','82','48','Est ex neque odit illum assumenda soluta. Perspiciatis aut non aut voluptas. Libero earum iusto est illo molestiae. Dolores amet nesciunt enim quo voluptatem id sit.','2015-08-22 20:44:03'),
('24','86','21','Animi similique voluptatum vel aut. Laboriosam sit debitis qui rerum similique libero. Et non rerum consequatur ad sequi. Facere aliquid vel ratione.','1994-04-22 09:05:52'),
('25','8','84','Iusto unde incidunt magni iusto debitis labore est. Omnis repudiandae provident nisi aspernatur quod. Molestiae ea nemo officiis voluptatum debitis cupiditate facere. Enim optio blanditiis illum qui vero voluptatem veniam.','1979-10-02 04:32:20'),
('26','2','99','Similique laboriosam adipisci aut necessitatibus. Iusto consequatur qui quia ipsam nesciunt.','1996-12-02 05:57:19'),
('27','9','4','Suscipit commodi harum magni error non quia eius earum. Distinctio enim consequatur ut voluptatem. Ea sit sed alias non. Ratione quo sequi sapiente cupiditate.','1999-12-26 10:33:34'),
('28','95','25','Accusantium maxime dolores quia delectus. Facere aliquam corrupti numquam tenetur ea enim. Alias quia vel fuga aut nam molestiae esse.','2009-08-23 07:18:00'),
('29','99','48','Eum deleniti magnam placeat temporibus nobis porro excepturi ullam. Sed sunt minima consequatur ut. Consequatur ea ut at omnis voluptas provident deserunt quod.','2010-09-11 09:07:54'),
('30','93','44','Accusantium assumenda qui omnis facilis consequatur. Ipsum numquam incidunt dolorem et eum adipisci. Atque est ducimus et quae qui sed minus.','1979-09-17 11:05:50'),
('31','6','62','Odio rerum laudantium ea alias. Occaecati qui cum nihil dolores dolores sit veritatis velit. Dolores ut placeat voluptate aut eum et sed.','2002-01-24 20:24:46'),
('32','70','72','Quia quod non et cupiditate voluptas magni. Sint quia temporibus explicabo iusto quis.','1988-06-04 19:56:32'),
('33','95','93','Voluptatem blanditiis aliquid sit omnis labore vero est. Rem quasi hic ut repellendus. Cum iusto cum delectus molestiae non animi.','1983-01-26 14:32:17'),
('34','14','93','Non reiciendis voluptas et impedit expedita placeat. Quidem eius sed asperiores qui. Debitis saepe ut aperiam inventore.','2012-08-25 15:18:50'),
('35','46','58','Modi quas magni ipsam amet itaque totam. Necessitatibus unde maxime ut id ea. Qui occaecati quia impedit ut reiciendis officiis cupiditate.','2007-04-12 07:41:46'),
('36','35','68','Mollitia culpa minus asperiores quo ipsam. Quo sed aliquid laborum in officia unde nam. Iure consequatur aliquam consequatur sit. Eos ullam qui dignissimos temporibus.','2004-03-05 19:43:49'),
('37','89','38','Dolor eum et ad similique et culpa dignissimos. Molestias quia animi incidunt expedita nisi. Vero qui laborum omnis architecto ullam.','2006-09-12 23:34:26'),
('38','91','88','Ullam nulla illo rem quis. Dignissimos accusantium quia deleniti fuga cumque qui accusantium rem.','1993-03-15 18:51:43'),
('39','18','59','Magni error veniam nemo aut et ut delectus. Excepturi consequatur aut dignissimos facilis. Soluta dolores a et voluptatem porro ut. Omnis eaque sapiente architecto ea sequi.','2015-02-28 10:04:33'),
('40','14','41','Esse fugiat minus voluptatem facere est quasi repellat. Unde earum commodi suscipit ipsum occaecati. Architecto enim corrupti ut dicta omnis accusamus.','2018-08-14 13:37:52'),
('41','64','35','Aperiam vel enim dolores eos et officia. Tenetur ab consequatur dolor est iste excepturi dolorem. Quas ipsa velit odio qui vitae enim nemo eum.','1985-08-14 13:14:54'),
('42','10','36','Explicabo itaque nesciunt id. Dolor nam commodi molestiae dolor ipsa quia. Quas quia sapiente accusantium voluptatem eos ab. Corporis voluptatem at mollitia. Laboriosam animi et harum quasi ut deserunt maxime.','1994-07-01 01:51:36'),
('43','91','98','Velit magni voluptate voluptatem iure cumque. Natus magnam autem nam neque provident culpa. Nobis aut dolore totam voluptatem est.','2002-07-31 17:45:48'),
('44','74','71','Quas repellat est vel enim cumque qui recusandae. Accusantium reiciendis et eum pariatur provident. Voluptatibus ut distinctio laboriosam qui.','2005-01-26 23:45:22'),
('45','27','42','Qui nobis ut ea nobis. Perspiciatis occaecati suscipit molestiae adipisci. Labore ab consequuntur odio architecto reiciendis officiis. Provident corporis molestiae architecto quidem sed commodi.','1995-06-22 03:30:25'),
('46','7','93','Impedit et minima nemo non sunt quasi. Sequi molestiae quo incidunt itaque mollitia rerum. Iusto rem ab ipsum cumque ratione. Aut nam enim et delectus quaerat ea amet.','2000-03-05 07:07:34'),
('47','94','30','Dolorem dicta amet earum aut hic commodi eveniet qui. At animi non autem recusandae velit ex.','2016-06-27 19:24:29'),
('48','37','57','Laboriosam quos qui molestias esse in. Incidunt ad aut minima nemo. Debitis consequatur recusandae voluptatibus cum. Voluptate quam facilis aliquam omnis voluptatem voluptatem sit.','1997-10-26 13:24:58'),
('49','98','21','Ullam maiores iure enim beatae repellat dolores optio est. Eaque odit placeat nemo sint cupiditate voluptatum ducimus. Nemo qui consequatur in qui ea temporibus magni nesciunt. Qui ad similique omnis in.','1993-12-06 13:06:46'),
('50','7','65','Asperiores excepturi odit quo nam. Quas id sequi aspernatur natus aut. Veritatis iste laboriosam illum omnis.','1983-02-15 00:50:01'),
('51','11','1','Delectus quidem asperiores et. Vel inventore voluptatem et sit maxime autem. Labore et sed quo molestiae dolores.','2013-12-02 18:52:32'),
('52','4','70','Quia quia sed sed omnis libero minima. Nesciunt quis harum in perspiciatis nesciunt. Et quo facilis esse itaque ab culpa rerum qui. Asperiores laboriosam repudiandae et et ut labore.','2014-10-29 10:58:34'),
('53','24','45','Doloremque esse consequatur distinctio omnis accusantium. Cupiditate et totam voluptates cum et. Et voluptatibus sapiente illum est nemo placeat velit ut. Totam dolorum earum vitae magni eum repudiandae perferendis.','2007-04-06 04:59:24'),
('54','34','32','Enim facere id occaecati velit consequatur minima nobis. Ad qui porro sit quia. Laboriosam illo similique iste beatae labore iusto minima. Enim consequatur sed voluptatum neque.','2006-08-31 20:43:03'),
('55','4','25','Et nam animi aperiam accusamus aspernatur quis velit. Suscipit rerum dolorem rerum dignissimos voluptates libero. Cumque aperiam non est recusandae nesciunt saepe. Aliquid quo qui sequi molestias sit et.','2013-03-31 21:02:46'),
('56','32','55','Facilis veritatis corrupti consequatur iste hic ad. Labore in qui nulla debitis non. In dolor non vel assumenda ullam corrupti in. Voluptatem dolorem inventore fuga voluptates. Tempore enim assumenda odio tempora minima maiores.','2000-10-22 02:10:43'),
('57','96','62','Est sunt est est. Qui in enim dolorem beatae id sint. Et praesentium eveniet dolores aperiam. Quod nam alias iusto id totam et voluptatem.','1996-11-30 06:59:40'),
('58','17','85','Odit voluptatem magnam ea. Possimus iusto occaecati aut iste id. Provident eos est quibusdam sequi ab sunt.','1988-06-28 18:19:37'),
('59','28','63','Tempora amet quis voluptas consequuntur sint atque omnis. Molestiae eos odit recusandae possimus sed. Harum rerum iste neque sed.','1983-08-26 03:58:41'),
('60','90','50','Ratione non aut cumque cum dolorem. Laboriosam sed autem maiores illum ratione atque rerum. Tenetur repudiandae voluptas incidunt ut aut dolores. Est occaecati quia aliquam sapiente est porro. Natus corrupti mollitia non fugiat in cumque est rerum.','1996-04-11 10:37:17'),
('61','16','32','Et eum ipsam aut veritatis et sint dolores ab. Soluta sit cupiditate voluptatem ab aut sed laboriosam. Qui a iure sit aut.','1990-01-18 18:46:11'),
('62','61','31','Nostrum quidem maiores tempora et dolorem. Accusantium iure neque voluptate ad sed voluptatibus ut. Possimus quia illo provident temporibus aliquam. Reprehenderit soluta ipsa soluta id enim occaecati. Maxime quibusdam dolore atque molestiae magnam.','1994-04-03 05:15:22'),
('63','15','88','Eos exercitationem voluptas esse perspiciatis. Deserunt ad consequatur aliquam vitae rerum nisi. Beatae optio velit nesciunt doloribus sit similique qui dolorum.','1980-03-03 19:09:55'),
('64','2','52','Velit qui fugiat perferendis provident ea corrupti non. In quia sed provident ut omnis. Animi enim rerum sit nihil est ut voluptatem vero.','2001-10-04 13:48:16'),
('65','50','2','Fuga facere est officiis odit. Et eaque deserunt consectetur incidunt consequatur cum.','2019-09-17 12:57:43'),
('66','41','55','Aliquid ipsam omnis sit expedita facere. Eveniet amet illo nihil hic. Eum et et sequi.','2015-11-17 08:20:07'),
('67','13','20','Aut nesciunt quaerat hic sequi. Quibusdam porro ut labore vel hic eum blanditiis laudantium. Est tenetur eaque voluptates vel facere asperiores sed qui. Molestias rem ipsum quo suscipit officia voluptatibus fuga. Autem officiis odio enim iure commodi.','1988-05-21 01:10:04'),
('68','50','6','Doloribus sint ipsam debitis iure. Cupiditate consequuntur rerum quia soluta dignissimos eligendi eos autem. Sint hic sapiente ullam aperiam sapiente unde. Fuga reprehenderit dolorem aliquid at recusandae ipsum quia.','2015-01-28 02:05:24'),
('69','38','23','Qui porro eos dolorum rerum optio iure. Placeat voluptatem iure inventore architecto consequatur quia. Dignissimos maiores sit adipisci optio maiores deleniti cupiditate. Quaerat nobis magni molestiae facilis dolor.','1986-05-14 13:48:59'),
('70','83','19','Quia veritatis explicabo reprehenderit dolore. Ipsa debitis qui minima voluptas dolores consequatur. Voluptatem eum tenetur laborum esse dolores repellendus itaque quae.','2009-03-07 13:24:41'),
('71','15','2','Fuga id quia ullam eaque. Est et iste recusandae ullam. Ut aut aut ad qui error in placeat.','1992-03-29 05:03:51'),
('72','23','57','Quaerat in consectetur illo sint distinctio dicta sit. Vero ut amet est nam neque est repudiandae. Facilis voluptatem eius earum ut fuga deserunt aperiam culpa.','2020-03-02 15:06:06'),
('73','19','75','Itaque animi quos corrupti nisi dolorem. Numquam at maiores ipsam consequatur eligendi. Provident facilis blanditiis et non omnis.','1985-12-25 14:48:37'),
('74','20','63','Est voluptatem ut sed saepe officia et ex. Reprehenderit error commodi dolores saepe ut eos. Fugiat id est porro deleniti maxime voluptatem aut.','1988-03-30 14:41:11'),
('75','44','66','Esse facere praesentium neque. Quis ad sint quis voluptates cum nostrum. Sint voluptatibus enim illo excepturi sed iste.','1972-08-05 14:52:00'),
('76','73','40','Officia et corrupti nesciunt doloremque veritatis in fugiat. Qui tempora sit ea nesciunt. Dolores velit accusamus amet qui provident reiciendis qui.','1997-09-24 18:53:01'),
('77','95','86','Pariatur eum soluta optio odio velit laudantium voluptatem. Inventore magnam facere voluptatum molestiae consectetur dolor nam. Rerum reiciendis consequatur labore nemo architecto. Consequatur neque fugiat non dignissimos.','1979-01-16 22:32:17'),
('78','33','7','Quos cum aliquam dolores voluptatem. Sunt eum harum eius aut fugiat. Qui fuga qui facilis ut. Ut aut necessitatibus illum neque impedit iste dignissimos.','2001-06-20 22:44:06'),
('79','66','33','Nihil odio dolores quos consequatur sed aut. Neque exercitationem voluptatem unde et dolor fuga. Aut laboriosam vel eos ex officiis et assumenda assumenda.','1973-05-31 15:04:31'),
('80','53','55','Accusamus enim est porro dolorem sit ut et voluptate. Et recusandae velit in qui quo. Corporis eum aliquid nostrum qui consequuntur.','1991-08-08 18:47:38'),
('81','6','100','Magni voluptatem est veritatis sit tempora et. Aliquam cumque fugit aliquid. Rem et sunt ut vitae est laudantium perferendis.','2014-12-12 16:49:36'),
('82','100','13','Earum dolores sit placeat dicta optio. Fugit illo sint beatae repellat. Totam deserunt neque sint debitis iste ipsam. Ratione iure amet culpa voluptates adipisci repellat tempore.','1993-09-08 14:14:43'),
('83','74','49','Repudiandae modi itaque dolore laborum rerum. Aspernatur id suscipit corrupti beatae animi fugit aperiam. Qui molestiae ad et est sint.','1989-07-30 01:00:09'),
('84','39','86','Laborum eos sapiente adipisci. Veniam et tempora fugiat sapiente doloribus aut. Optio maiores earum molestiae explicabo neque.','1985-07-12 20:27:42'),
('85','96','93','Voluptatem exercitationem repellat enim natus possimus. Temporibus et voluptas blanditiis rerum nihil. Et aut laborum ratione pariatur fugiat reiciendis et. Nam totam maiores vero iusto aut laudantium voluptas. Aperiam ex dolores quaerat omnis maiores.','2012-02-25 02:27:31'),
('86','65','81','Ipsa vitae harum numquam quas. Et amet voluptatem quod. Dolore soluta vitae ut vitae dolor quo molestiae. Accusantium consequatur et ut soluta quo vel.','1979-04-07 14:45:29'),
('87','95','25','Asperiores reiciendis voluptatum esse dicta. Minus ut odit dolor quia adipisci quidem omnis unde. Et iure fugiat fugit maxime et natus ad. Nostrum deserunt possimus quas quos veritatis quia ut.','1972-03-04 17:45:37'),
('88','47','60','Dolores earum adipisci assumenda deleniti saepe provident. Et fuga ullam voluptate facilis. Molestiae qui aut qui dicta ut.','1976-12-26 16:34:17'),
('89','44','74','Fugit et recusandae molestias qui autem voluptas. Alias repellendus non voluptatem asperiores. Veritatis magni sint ipsam adipisci id nesciunt.','1982-01-12 13:10:20'),
('90','47','75','Harum ut doloremque molestias doloribus omnis eum sed. Nihil sint itaque sed quis pariatur. Corporis doloremque explicabo dicta labore deserunt.','1973-05-20 03:10:02'),
('91','88','46','Pariatur dolorem magni aut qui aut consequatur sed. Et molestiae neque sunt. Sit praesentium voluptatum rerum sapiente qui in. Commodi non eos doloribus et.','1995-04-25 02:13:36'),
('92','77','36','Et totam porro et ut dolorem. Cum omnis debitis suscipit veniam repellendus. Facilis numquam qui autem qui sit ut sint et.','1973-04-14 18:20:56'),
('93','27','54','Vel quod autem accusamus deserunt vel est maiores. Sit harum fuga vel quis dignissimos culpa est. Et sunt repudiandae deserunt sed aut vitae labore. Eligendi soluta sed molestiae beatae quibusdam qui velit rerum.','1991-09-08 23:18:08'),
('94','100','87','Velit repudiandae excepturi eum iste. Labore eaque consequatur ratione tenetur quia eos qui. Eos aut asperiores eius consequatur.','1980-02-07 05:11:15'),
('95','64','5','Quae laborum dolores et dolorum ipsam nesciunt. Ullam hic possimus quod excepturi eveniet. Beatae illum sapiente in. Ipsum dolorem illo quod deserunt quos.','2010-03-31 00:40:11'),
('96','34','24','Deserunt consequatur consequatur dicta sit. Voluptatum voluptatem et consequuntur quia neque. Autem voluptas officia non quidem ex eaque necessitatibus.','1973-04-05 00:19:28'),
('97','35','25','Tempore dolores quas quia voluptatem assumenda assumenda ipsum. Iusto illo autem aspernatur enim est voluptatem labore nostrum. Possimus nobis ipsum fugit rerum sint placeat dolorem. Cumque repellendus eveniet voluptas expedita autem ex.','1991-11-02 19:43:46'),
('98','99','67','Nulla placeat tenetur consequatur commodi et blanditiis optio. Quasi explicabo adipisci nostrum illum nisi. Cum error molestiae veritatis sint aut. Eos in sunt est et facilis.','2000-05-10 22:55:30'),
('99','20','96','Praesentium tempora aliquid magnam repellendus tenetur aut. Sunt voluptatem voluptas delectus perferendis vitae. Iusto quis voluptatem enim perspiciatis voluptate fugit.','1976-01-25 23:33:09'),
('100','38','81','Dicta qui nemo aliquid magni corporis magnam. Ullam optio nihil quia et architecto illo provident. Rem libero dignissimos ad et qui explicabo. Voluptates dolores rerum aut impedit perspiciatis aliquid sed. Excepturi ut modi architecto.','1991-08-15 02:53:21'),
('101','15','61','Totam maxime reiciendis excepturi quaerat pariatur quis debitis. Exercitationem impedit veritatis quisquam. Molestiae ipsam ea qui possimus id laudantium excepturi distinctio.','1999-10-18 23:34:40'),
('102','57','28','Magnam sequi expedita eos natus id repellat aut. Ducimus nulla voluptatibus velit et neque repellat. Ut voluptatibus enim consequatur quasi at. Non numquam laudantium a odit sit.','2010-11-03 23:12:56'),
('103','96','14','Ducimus omnis enim aut maxime. Maiores porro voluptatem aut est consequatur cum. Vel aut totam eligendi commodi accusantium aspernatur.','1992-03-09 13:17:27'),
('104','44','81','Nemo natus enim enim quasi autem recusandae fugiat ut. Necessitatibus veritatis vel est nisi. Autem nulla doloribus aspernatur quos a.','2002-08-29 20:32:21'),
('105','19','23','Laboriosam quod cupiditate officia repellendus dignissimos et et possimus. Perferendis aliquam enim voluptatem ipsam sint. Esse dolor autem consequuntur perspiciatis.','2020-04-28 21:01:15'),
('106','63','97','Aut repellendus soluta voluptatem beatae provident soluta amet. Ab voluptatem eius natus sed ipsum labore omnis nesciunt. Natus impedit cupiditate eveniet dicta ipsam. Quasi sed doloremque qui harum.','1989-07-10 21:59:28'),
('107','24','95','Cumque culpa ea recusandae velit nihil cupiditate ex magni. Illo suscipit quia corporis voluptatem illo. Quas rerum ut fugiat amet. Et ab maiores et voluptatem.','2007-02-01 02:18:22'),
('108','46','1','Quasi ad quis minima ipsam esse et. Ipsam id non magni neque ipsum praesentium. Ut neque voluptas sunt alias qui.','2000-12-15 06:40:57'),
('109','87','62','Rerum vel veniam atque quia. Beatae cumque magnam a hic eligendi molestiae aut. Nostrum non odit eius itaque. Sit adipisci facere id enim magni laborum.','1998-01-23 07:47:08'),
('110','59','56','Qui molestiae itaque quis. Maxime quis omnis corporis sint omnis soluta qui. Nostrum occaecati ullam inventore nemo perferendis.','1995-08-27 14:23:20'); 





INSERT INTO `media` VALUES ('1','3','7','magni','643840254','2019-12-14 15:28:12','2020-06-15 07:35:34'),
('2','3','26','dignissimos','497757','2019-07-18 08:19:19','2020-06-15 07:23:33'),
('3','2','9','praesentium','15140','2020-01-21 06:42:22','2020-06-23 20:02:31'),
('4','1','48','atque','17','2020-04-06 22:57:49','2020-06-16 14:43:12'),
('5','3','32','odit','430333','2019-08-30 06:14:31','2020-06-20 00:56:00'),
('6','1','73','aliquid','4828','2020-01-12 22:03:09','2020-07-09 13:57:56'),
('7','2','50','enim','88747913','2019-08-11 17:37:30','2020-06-19 04:10:39'),
('8','2','59','quos','171','2020-06-27 10:13:37','2020-06-13 00:36:49'),
('9','1','48','qui','3332','2020-06-13 11:45:42','2020-07-04 07:24:43'),
('10','2','67','commodi','84367','2019-10-17 15:52:36','2020-06-18 11:31:04'),
('11','2','34','consequatur','912032403','2020-04-17 03:30:06','2020-06-27 06:15:18'),
('12','2','35','debitis','5591','2019-07-22 10:28:02','2020-06-10 23:32:02'),
('13','1','100','vel','5075','2020-05-21 03:03:51','2020-07-06 05:26:39'),
('14','1','80','aliquid','11317419','2020-07-05 10:37:28','2020-06-24 01:13:12'),
('15','3','89','nesciunt','528','2020-05-03 08:10:21','2020-06-30 17:25:00'),
('16','3','31','quia','4011','2019-11-25 12:37:25','2020-07-10 05:38:45'),
('17','1','37','corporis','3','2020-06-08 00:55:21','2020-07-10 10:33:17'),
('18','2','2','iusto','37001607','2020-04-07 19:31:46','2020-06-11 21:47:37'),
('19','2','45','velit','331222','2020-04-20 21:35:11','2020-06-26 15:51:49'),
('20','2','65','molestias','8138','2019-11-05 16:30:55','2020-07-08 19:46:11'),
('21','3','100','veritatis','6854645','2020-05-06 22:29:44','2020-07-09 04:29:25'),
('22','2','21','voluptas','0','2020-03-23 17:19:56','2020-06-11 17:52:39'),
('23','2','22','quasi','417336','2020-03-10 12:59:56','2020-07-06 04:30:53'),
('24','2','65','nostrum','547915','2019-12-12 12:30:22','2020-06-29 06:41:31'),
('25','1','5','suscipit','70','2019-10-08 14:10:50','2020-07-08 22:00:01'),
('26','3','84','maxime','28639445','2019-12-30 12:27:10','2020-07-08 11:02:06'),
('27','1','54','quae','308402','2020-05-25 12:52:40','2020-06-22 18:41:19'),
('28','2','59','aspernatur','69','2019-07-21 16:00:54','2020-07-09 23:02:52'),
('29','1','79','quo','6291','2020-05-22 22:24:22','2020-07-01 20:31:49'),
('30','3','32','modi','0','2020-05-25 15:59:45','2020-06-24 17:12:43'),
('31','2','62','modi','59627112','2020-04-03 02:05:00','2020-06-26 04:16:08'),
('32','3','8','perspiciatis','97','2020-04-09 22:17:22','2020-07-10 01:50:29'),
('33','2','44','itaque','3572','2019-10-21 13:33:07','2020-07-01 05:17:06'),
('34','3','42','deserunt','62732','2020-03-16 06:02:53','2020-06-13 18:58:17'),
('35','3','66','possimus','54834','2020-01-11 11:13:05','2020-06-27 07:48:38'),
('36','2','73','qui','62','2020-01-01 10:55:20','2020-06-23 09:29:10'),
('37','3','4','ducimus','9143206','2020-03-04 06:15:38','2020-07-05 00:47:42'),
('38','3','99','eius','8695','2019-12-04 23:13:58','2020-06-26 08:46:59'),
('39','3','18','velit','1709','2019-09-19 01:21:01','2020-06-10 14:01:23'),
('40','2','2','error','175','2019-12-20 23:47:50','2020-06-24 06:18:47'),
('41','1','80','cumque','0','2020-02-10 20:20:07','2020-07-05 03:41:53'),
('42','2','71','pariatur','907433508','2020-02-07 07:22:34','2020-06-13 03:47:01'),
('43','3','46','dolor','419582882','2019-08-07 02:01:05','2020-07-07 20:08:38'),
('44','3','17','eligendi','8265823','2020-07-06 14:03:58','2020-06-24 15:58:16'),
('45','1','82','in','0','2020-07-07 14:38:50','2020-07-04 21:13:45'),
('46','1','26','ipsum','5474966','2019-09-19 12:02:25','2020-06-24 12:44:28'),
('47','3','89','quos','9022','2020-06-23 18:40:32','2020-06-11 23:26:18'),
('48','3','12','consequuntur','68','2020-01-22 23:30:40','2020-06-12 08:08:42'),
('49','2','98','aliquid','2082898','2020-06-10 00:56:54','2020-07-09 19:40:18'),
('50','1','29','eveniet','4','2019-09-19 01:59:54','2020-06-26 12:32:59'),
('51','1','58','ducimus','0','2019-08-28 08:38:59','2020-06-15 02:39:59'),
('52','2','53','ut','11718118','2019-10-28 01:20:06','2020-07-04 16:13:26'),
('53','2','26','voluptas','0','2020-03-19 08:14:15','2020-07-06 19:10:39'),
('54','2','68','est','37543781','2020-05-29 03:19:38','2020-06-16 17:09:18'),
('55','1','41','quibusdam','937','2020-06-07 22:20:30','2020-06-28 23:43:02'),
('56','2','13','magnam','309774651','2019-08-28 20:16:45','2020-06-10 14:02:03'),
('57','2','79','alias','0','2019-10-08 08:38:28','2020-07-01 17:40:22'),
('58','3','46','tenetur','10','2020-02-20 23:25:37','2020-06-27 09:19:02'),
('59','3','27','veniam','0','2019-12-19 02:23:41','2020-07-03 11:06:52'),
('60','2','48','quis','81346','2019-08-26 16:04:12','2020-06-24 20:01:58'),
('61','3','48','unde','72733059','2019-11-14 14:55:55','2020-06-10 15:45:03'),
('62','1','22','unde','495272888','2020-03-07 20:53:04','2020-07-05 04:24:02'),
('63','2','11','at','1634','2019-09-08 19:35:53','2020-06-23 09:55:34'),
('64','3','100','eos','600','2020-04-18 02:41:44','2020-06-26 17:04:43'),
('65','2','94','ipsa','9731','2019-10-14 13:58:36','2020-06-27 03:15:26'),
('66','3','34','blanditiis','9730723','2019-12-12 18:42:58','2020-06-22 15:34:18'),
('67','3','23','qui','0','2019-10-05 01:43:28','2020-07-04 14:27:34'),
('68','1','63','consequuntur','89097623','2020-06-05 01:18:33','2020-06-22 08:55:18'),
('69','1','68','voluptatum','2','2020-02-16 18:27:09','2020-06-15 08:13:53'),
('70','1','25','rerum','47545','2019-12-10 13:33:59','2020-07-08 20:34:25'),
('71','2','55','ea','0','2019-09-02 04:19:56','2020-06-13 11:54:57'),
('72','2','36','iure','5','2020-02-09 07:29:17','2020-06-24 13:26:54'),
('73','2','9','eligendi','0','2019-09-13 14:30:16','2020-07-08 14:51:27'),
('74','3','78','ut','0','2019-11-07 15:00:41','2020-06-12 06:47:32'),
('75','1','26','quam','5685','2020-06-19 22:26:04','2020-06-12 04:44:33'),
('76','3','25','quia','94245450','2020-03-06 21:56:46','2020-07-01 18:56:56'),
('77','1','40','necessitatibus','72','2020-04-17 01:58:31','2020-06-25 20:03:34'),
('78','3','55','consectetur','0','2019-10-15 18:36:25','2020-07-09 04:05:25'),
('79','2','11','qui','5','2020-04-29 00:10:32','2020-06-15 07:27:23'),
('80','1','43','ipsum','9857','2020-05-19 11:55:39','2020-07-01 07:27:21'),
('81','1','36','quidem','0','2019-09-16 08:52:27','2020-06-14 06:11:59'),
('82','1','90','sint','48','2019-11-08 20:30:24','2020-06-20 07:30:30'),
('83','2','51','nisi','25764910','2019-10-22 03:07:21','2020-06-10 22:47:48'),
('84','2','43','nihil','7307','2020-01-30 14:10:40','2020-06-11 01:14:50'),
('85','2','58','ipsum','2','2020-03-22 18:23:01','2020-06-11 18:49:10'),
('86','1','27','vitae','0','2019-09-19 18:09:08','2020-07-08 08:11:34'),
('87','1','35','ipsa','3810','2019-11-08 07:16:34','2020-06-26 17:59:23'),
('88','1','36','qui','6579','2020-06-26 23:38:00','2020-06-25 15:35:24'),
('89','3','2','illo','809495826','2020-05-16 02:58:44','2020-07-07 04:29:40'),
('90','1','60','molestiae','19395688','2020-01-01 18:12:33','2020-06-25 11:56:46'),
('91','3','71','assumenda','9','2020-06-08 06:05:44','2020-07-02 04:36:06'),
('92','2','87','incidunt','654','2019-12-14 04:16:05','2020-06-13 18:25:14'),
('93','2','29','rerum','6032244','2019-12-05 22:10:55','2020-06-14 21:48:58'),
('94','3','88','iste','0','2019-10-21 17:42:49','2020-07-06 03:30:34'),
('95','3','73','amet','65059','2020-01-31 19:07:04','2020-06-28 19:38:46'),
('96','1','18','reprehenderit','9144055','2020-02-19 13:36:09','2020-06-15 07:54:26'),
('97','3','53','debitis','17424506','2020-04-02 16:43:17','2020-06-29 16:02:26'),
('98','3','34','quia','871','2020-05-21 13:45:00','2020-07-10 10:53:33'),
('99','3','40','sed','42955907','2019-11-06 07:52:07','2020-06-17 11:01:30'),
('100','2','47','velit','5409523','2020-05-26 21:37:06','2020-06-24 03:48:48'); 



INSERT INTO `comments` VALUES ('1','26','58','Ab odio harum nam distinctio rerum qui rerum. Ut consequatur labore molestiae et a.'),
('2','100','45','Ex tenetur eos corrupti voluptatem quis dolorem. Facere cum maiores et ut et at. Est eveniet id sint minima.'),
('3','100','39','Molestiae nam odit eum excepturi. Dolorem officia quaerat quos reprehenderit voluptatem expedita facilis.'),
('4','93','38','Quis dolore consequatur est blanditiis sed. Harum totam hic culpa aut nulla. Voluptatem id exercitationem modi corrupti quis minima inventore. Aliquam voluptas assumenda sint sequi.'),
('5','54','10','Eum minima libero ducimus magni. Et ut sunt natus dolorem et eveniet molestiae et. Illo et sed quibusdam aut iste eos nemo.'),
('6','61','65','Repudiandae nobis magni magni accusamus sit eum. Fugiat cupiditate dolorem facere quod vel. Distinctio ea voluptate voluptas ipsa est.'),
('7','32','54','Id excepturi enim qui ab deleniti dolores. Et nemo incidunt nulla sunt voluptas impedit quis. Saepe laborum sint est suscipit inventore et quia delectus. Est molestiae qui minima quia veritatis rerum et saepe.'),
('8','99','72','Accusamus error esse quis assumenda tempora quisquam. Ullam ipsam rerum ipsum quia consectetur ut. Doloremque et rerum qui nam corporis. Vel molestias ratione enim quo ratione quidem qui.'),
('9','39','98','Odit doloremque omnis eligendi tenetur non. Quae alias aut quia sunt alias eligendi sint. Qui dolore rerum voluptatem quas excepturi cum quasi.'),
('10','97','9','Id ex et fuga ipsa. Voluptas amet sequi velit iure quis. Illo aut deserunt et quod unde nemo. Alias aliquid in tempora praesentium exercitationem praesentium.'),
('11','32','89','Est qui non maiores. Et enim omnis quae sapiente sint. Optio saepe nesciunt cumque.'),
('12','82','29','Quo vitae quasi ut libero consequuntur sit tempore rem. Quis consequatur ab deserunt. Numquam cumque molestias illum minus perspiciatis sed veniam quia. Assumenda id natus vero ut libero fugit.'),
('13','83','21','Voluptas natus veniam officia dolore iste. Ratione similique qui eum alias tempora. Iusto officia aut dolorem suscipit. Reprehenderit commodi et nisi eius aliquam rerum optio assumenda. In amet voluptatem ut accusamus dicta molestias.'),
('14','55','55','Eum nostrum voluptas mollitia quia sit. Est modi odit et pariatur nihil doloribus reiciendis. Doloremque eum animi ducimus voluptas et et.'),
('15','24','48','Et quos numquam perspiciatis. Similique ratione minus laborum aut ad nobis esse. Porro non voluptatem non doloribus facere. Consectetur non ut ut sit quam.'),
('16','77','77','Aut nisi dolorum sed ex molestiae. Tempora deleniti consequatur ab veritatis voluptates. Aut modi est culpa suscipit sed optio exercitationem itaque.'),
('17','30','69','Incidunt velit laboriosam dolorum alias non. Enim nihil nihil sit asperiores officiis. Aliquam et quisquam cumque amet ullam modi.'),
('18','56','71','Delectus ut ipsa quae odio fuga vero. Ab sequi quam molestiae. Alias ut blanditiis esse facere et.'),
('19','96','25','Alias perferendis id laboriosam aut blanditiis. Maxime accusamus omnis cum modi quis. Voluptatum neque qui dicta est nesciunt impedit est. Rerum quis et aliquam quas libero ut magnam.'),
('20','84','76','Dolorem dolor quasi iusto ea ab eos. Nesciunt aut necessitatibus quidem qui voluptatibus expedita.'),
('21','61','78','Nesciunt libero quia mollitia et eos quos tempore. Fuga enim consectetur dolor consequuntur rerum placeat. Eum in deleniti odio ut. Expedita et dignissimos rerum in officiis.'),
('22','9','99','Ipsa quod sed vero. Et aut repudiandae natus sapiente sunt aperiam eum. Quis quibusdam veniam blanditiis cupiditate aliquam ut blanditiis.'),
('23','1','43','Quos eveniet facere et necessitatibus error consequatur. Ea molestiae et vitae sint qui quibusdam vero. Voluptatem iusto quas atque magnam illo minus excepturi.'),
('24','52','57','Porro aliquam libero aut qui ab. Vero dolores esse culpa maxime sapiente. Ducimus quaerat aliquid consequatur delectus deserunt.'),
('25','84','87','Optio omnis non est molestias voluptas. Eos sed et et autem molestiae eos occaecati accusamus. In sit quas voluptate aut enim at.'),
('26','16','41','Rerum quia porro rerum ut reprehenderit. Vero modi consequatur impedit id voluptates.'),
('27','100','82','Quo nisi accusamus voluptatibus mollitia qui. Totam possimus consequatur provident perferendis aut eveniet. Rem voluptas vero ullam et expedita.'),
('28','61','89','Est saepe impedit quaerat nesciunt eaque. Et velit beatae cupiditate est eos id. Impedit ab temporibus fuga id. Unde facere eum placeat est consequuntur nulla esse deleniti.'),
('29','27','93','Id debitis provident fugiat tempora assumenda delectus repellendus odit. Vitae sed vitae facere dolor delectus. Officiis voluptas iste iste ratione.'),
('30','95','37','Quas saepe accusamus repellendus beatae. Eligendi suscipit alias similique sit. Id voluptas odit rerum eligendi. Voluptatem quia nam in ipsum quod et. Officia quae et accusamus sed ut voluptate accusantium.'),
('31','88','19','Amet est quia quae voluptatem maxime pariatur. Similique ut similique et illum voluptatem quo. Optio maiores consequatur dolorem.'),
('32','56','43','Incidunt sit quasi unde adipisci. Ex eveniet ipsa est fugit ex. Sit sed ex beatae odit nihil. Eum earum odio eligendi est.'),
('33','80','45','Et et eum ut atque quidem nulla molestias animi. Dolores vel qui qui. Magnam unde pariatur consequatur aut unde suscipit unde soluta. Nisi et quia quis repellat possimus est qui.'),
('34','65','70','Quis quos officia deserunt et adipisci nostrum. Mollitia aut sequi quia.'),
('35','8','97','Consequatur animi autem et commodi et nesciunt. Quam veniam architecto in. Ad qui reprehenderit perspiciatis fugit. Qui quis aliquid ut cupiditate nihil aspernatur aut. Facere perferendis distinctio impedit ut nihil qui aut ex.'),
('36','94','51','Rerum ipsam velit sed nulla animi ad. Autem consequatur voluptatem laudantium placeat ut nobis officiis. Aut aspernatur omnis qui eos ut sit optio.'),
('37','32','35','Unde eos esse qui praesentium velit praesentium commodi. Eum molestiae sed nobis suscipit. Rem laborum modi nemo consequatur aut.'),
('38','39','18','Amet et voluptas praesentium eveniet odio et impedit. Reprehenderit alias repellendus consequuntur et eos nisi. Accusamus dignissimos occaecati et ut soluta dignissimos. Dicta in dolor sunt commodi eum.'),
('39','57','35','Voluptate repellat inventore cumque impedit necessitatibus odit aspernatur. Cum consequuntur veniam recusandae eum velit et. Aut et quo est rerum amet est.'),
('40','60','7','Illo rem eum occaecati repellat. Dolore possimus occaecati veritatis praesentium commodi dolor. Provident voluptate doloribus sequi cum quisquam earum unde. Et et totam sit animi et minima. Accusamus id vitae aspernatur rerum.'),
('41','3','83','Facere doloremque consequatur libero illo et dolor. Distinctio omnis commodi esse vitae corporis. Quia minus cumque itaque iusto nulla eius rerum et.'),
('42','44','3','Est a quis sapiente. Sit voluptas architecto aut unde fugit exercitationem. Nihil aliquam ad ipsa ipsum. Illum veritatis vitae aliquid labore deserunt et ut quam.'),
('43','31','19','Consequatur eius mollitia quaerat aliquid adipisci. Sapiente corporis repellat ut nostrum. Est earum voluptatem ut quia et dignissimos voluptas maiores.'),
('44','60','56','Enim beatae sapiente cum sapiente porro est minus reprehenderit. Quis provident cum quia. Consequuntur eaque tempora voluptas autem praesentium quia consequatur nisi. Autem ut architecto aut.'),
('45','34','51','Est at quia voluptate aut deleniti. Totam consequatur voluptas ut ut sed. Ut cum vel voluptate quis perspiciatis in ut. Et nemo voluptatum sed deleniti ea.'),
('46','78','28','Et recusandae ut dolorum sit nemo ut iure. Libero quos est enim aut aut qui autem. Voluptas placeat quod ad voluptatem.'),
('47','60','50','Cum commodi rerum nulla quasi eveniet et. Nobis recusandae voluptas aspernatur occaecati eos enim. Autem sit unde quod aut ipsa id. Ab nobis aut labore assumenda harum distinctio.'),
('48','72','87','Ut necessitatibus vitae quidem ipsum consequatur. Voluptas qui dolore atque voluptatibus rem debitis. Nisi in distinctio aut ut minus. Omnis rerum distinctio ut occaecati rerum ut.'),
('49','13','44','Qui expedita unde repellendus itaque sint. Delectus fugit natus sed velit. Ea itaque et fugiat consequuntur rerum voluptas perferendis. Quas labore voluptas dolorem exercitationem ut et.'),
('50','68','32','Distinctio quia harum nobis placeat tempore pariatur inventore. Quod et temporibus tempora ex mollitia. Iste repellendus perspiciatis assumenda ut doloremque cupiditate. Omnis nihil aut modi magni.'),
('51','2','54','Sit vel architecto excepturi corporis. Blanditiis nostrum ipsum excepturi sint qui. Ex id aliquam dolores. Sed enim incidunt nulla aut aut nihil nam.'),
('52','43','12','Voluptatem necessitatibus molestias ea delectus amet quia quia amet. Est ipsum cumque quis expedita tempore. Nulla mollitia minus atque aspernatur quae.'),
('53','48','41','Maxime minus temporibus et. Quia doloremque nihil officiis aut nulla consectetur. Et omnis omnis autem sit. Ab ipsam nisi mollitia tempore.'),
('54','47','30','Odio eos aperiam rem omnis provident eius ducimus. Magnam aspernatur perspiciatis sapiente cum.'),
('55','11','77','Voluptas et qui blanditiis a voluptatem incidunt. Id quos consequatur fuga non sequi inventore. Veniam aliquam aspernatur minima nisi nulla facere distinctio.'),
('56','8','75','Suscipit quisquam occaecati tempore enim sapiente asperiores est ab. Aut fugiat velit et corporis labore ut qui sint.'),
('57','25','43','Natus laudantium alias debitis ullam mollitia vel. Est ea et officia qui voluptate tempora. Quo qui itaque at. Enim dolores cupiditate at vitae.'),
('58','93','33','Suscipit non debitis atque eaque aut omnis. At voluptatibus corrupti aliquid quasi.'),
('59','11','66','Laborum illo sunt enim sint quidem qui soluta. Aperiam aut ab laudantium voluptatem sed. Et harum sit optio et harum veniam quas.'),
('60','87','24','Beatae dolore dicta eos et ea beatae minima. Ipsam vel fugit quia et ducimus quisquam sed. Et architecto velit cum consequuntur voluptate dolore ut. Et adipisci temporibus sunt et.'),
('61','86','64','Repudiandae assumenda non et id eos dolorem aliquam. Provident omnis numquam aperiam deserunt.'),
('62','27','52','Minus quos non iure enim dolor inventore. Praesentium nobis libero quo eveniet sit voluptatem voluptates. Et vel nisi quas enim voluptatem asperiores voluptatibus.'),
('63','3','58','Illo commodi minus alias ad. Fuga ex modi dolor asperiores recusandae odio. Omnis distinctio totam dolore adipisci exercitationem. Omnis explicabo tenetur perspiciatis et esse qui aspernatur.'),
('64','45','37','Soluta quasi at quibusdam labore omnis autem. Ad eum rerum provident facere et distinctio distinctio. Qui odio eligendi nihil laborum sit qui. Aperiam asperiores odio voluptatem voluptas explicabo.'),
('65','79','79','Eos vero ut non earum quas natus debitis. Inventore delectus nostrum animi aut. Quis id ut voluptatem est impedit porro sed. Sunt harum eum nam numquam.'),
('66','87','30','Labore praesentium incidunt dolore aut sit sint eos minima. Aut libero corrupti nam ipsam repellendus amet rem. Et fugit accusantium sunt inventore nemo sed eos. Voluptatum iusto et ipsum ipsa non et quisquam quia.'),
('67','61','58','Sit delectus quia accusamus excepturi sunt. Exercitationem consectetur est accusamus animi earum iste provident. Adipisci odio nemo labore ea.'),
('68','99','85','Libero odit quod non error sit non non. Occaecati molestiae autem tempora aut eius rerum.'),
('69','62','51','Et et facilis et iure vel. Consequuntur a eaque doloremque iusto. Labore aut voluptas saepe ut minus et. Ut inventore sunt impedit quisquam rerum et. Impedit autem doloremque nulla minima dolores nostrum nihil.'),
('70','29','30','Aut ipsa qui fuga consequatur tempore. Molestiae officiis omnis est. Molestiae impedit debitis dignissimos fugiat.'),
('71','22','63','Fugit nam in voluptate voluptas quis et. Non corrupti quae magni delectus officia temporibus. Ut totam eligendi rem ea.'),
('72','42','14','Et dignissimos rem recusandae aperiam non. Recusandae assumenda aperiam nihil. Itaque sed ea facilis assumenda velit repudiandae.'),
('73','24','48','Harum quibusdam eligendi vitae id. Cupiditate maxime aut ducimus nihil ducimus. Sed quia qui hic incidunt tempore fugiat in. Est veniam facere et et voluptatem.'),
('74','39','39','Similique est delectus deserunt quos in. Molestias occaecati ullam est nisi aperiam molestiae provident. Ut optio recusandae recusandae modi. Omnis expedita eos architecto accusantium.'),
('75','99','47','Praesentium asperiores ratione dignissimos nobis non ex qui hic. Minima ipsum non tenetur ea dolor reprehenderit totam. Qui sed ut temporibus quia.'),
('76','19','54','Itaque nostrum velit quidem repellat. Illo maxime a provident perspiciatis quae. Quisquam quo neque ea ut architecto quia qui. Sapiente velit maxime quos vitae. Sint voluptate magnam nobis consequatur facere autem ipsa.'),
('77','75','40','Ea et animi eum assumenda quia quia asperiores. Est omnis neque quia placeat maxime voluptatem. Quis quae iste fugiat fugiat delectus ut voluptas.'),
('78','98','25','Nobis et officia ut non animi quia. Omnis dolorem sequi et debitis. Quibusdam animi delectus aliquam minima voluptatibus sit aut. Et possimus sunt quisquam quos molestiae.'),
('79','94','7','Non est earum dolores quaerat optio. Amet animi ducimus eaque debitis nesciunt. Et odio illum enim quidem.'),
('80','63','89','Est nostrum veritatis dolorem eius magnam maiores explicabo. Ducimus est voluptates voluptatem sequi et placeat. Fugit amet odit sed distinctio natus voluptate nihil.'),
('81','1','27','Et dolore adipisci eum. Ut expedita tempora quos et voluptates. Blanditiis minus voluptatem ullam qui autem hic quidem quod.'),
('82','23','53','Aut dicta esse ab maxime et. Tenetur aut non reprehenderit. Voluptates soluta sed odit ut.'),
('83','32','7','Nemo eligendi officia magnam quas id. Consequatur voluptas aut necessitatibus doloribus. Vero facilis qui tenetur enim deleniti eos maxime.'),
('84','97','50','Aperiam laborum sit perferendis quae quaerat. Et rerum quibusdam eaque ea nihil asperiores ut.'),
('85','20','82','Reprehenderit et doloribus placeat quas iste quasi est. Aut sunt libero cumque minima laborum saepe qui. Ut aut harum et alias vero perspiciatis provident aut.'),
('86','34','81','Aut voluptates officia fuga ea excepturi. Repudiandae sit sit iste sunt quisquam sequi ut. Accusantium quas doloribus aperiam veniam repudiandae. Dolorem rem quis ut quo cum provident nisi.'),
('87','81','53','Qui autem cumque ut labore. Earum possimus cupiditate voluptatem sequi non velit. Rem accusantium est labore illum debitis. Architecto accusantium perspiciatis voluptas.'),
('88','53','78','Ut doloremque soluta omnis facere hic quis natus. Quia quia provident ea ipsam qui. Veniam ratione fuga id qui eligendi.'),
('89','30','55','Sunt qui perferendis omnis rerum. Deserunt omnis reiciendis in. Excepturi eius nam quia rem consequatur. Est est voluptas ea officia in ut. Voluptatem sint officiis neque asperiores.'),
('90','97','25','Et quo quasi id numquam quia. Quis ex sapiente ut repudiandae voluptates sed. Corrupti non fugiat nisi eaque ut voluptas.'),
('91','41','77','Qui doloribus temporibus maiores. Enim vero non sed ipsa magnam. Ipsam maxime dolorem id tempora nesciunt qui.'),
('92','10','69','Voluptas cum veniam in aut. Aut et quia voluptas qui repudiandae. Non numquam nulla nobis explicabo dolores optio magni. Eos enim ipsum earum ad ex.'),
('93','99','91','Aliquam quae animi culpa eos perspiciatis voluptatem laboriosam. Culpa nihil excepturi veniam. Tenetur molestiae consectetur quas. Consequatur veniam praesentium dolore.'),
('94','41','63','Ratione earum voluptate ipsum et. Est velit occaecati sed nihil consequuntur. Non est laboriosam incidunt nihil harum. Consequatur ratione voluptas et consequatur tempora totam.'),
('95','58','26','Tempore sed placeat ut non ut quia repudiandae. Culpa ea voluptatem et aut voluptate amet qui. Eum nihil exercitationem dolor qui iste rerum laborum.'),
('96','64','27','Omnis qui rerum ad at. Iure unde non minus qui asperiores voluptas aut. Non quo sit nostrum deleniti. Aut distinctio voluptatum ut est.'),
('97','90','57','Sed quos expedita nemo voluptatem nulla sunt. Voluptatem assumenda voluptas accusantium est quia. Deserunt ab quidem est. Consequatur aperiam libero aut sit non in autem.'),
('98','50','70','Inventore suscipit pariatur vero sit eos et. Non vel distinctio dolorum sunt animi quae sunt.'),
('99','7','89','Quam ratione similique perspiciatis est autem rem. Sit maxime dolores sed vel molestiae voluptas. Et temporibus molestiae nam dolorem optio ut eaque. Quaerat omnis dolorem id.'),
('100','76','78','Sed rerum voluptatem explicabo consequatur. Perspiciatis provident ab deleniti itaque animi quos possimus. Sit enim eaque qui. Praesentium minima rem quis soluta dolorem non dolores. At est consequuntur unde rem.'); 




INSERT INTO `likes` (`id`, `user_id`, `comment_id`, `created_at`) VALUES ('1', '73', '17', '2020-01-14 15:18:56'),
('2', '11', '41', '2019-08-02 17:11:28'),
('3', '87', '90', '2019-11-06 06:35:35'),
('4', '9', '68', '2020-06-06 17:08:46'),
('5', '98', '28', '2020-06-04 19:02:53'),
('6', '21', '60', '2019-07-24 23:00:16'),
('7', '71', '12', '2019-07-16 00:45:02'),
('8', '28', '3', '2020-02-22 12:09:35'),
('9', '61', '96', '2019-12-09 04:27:33'),
('10', '32', '52', '2019-10-15 13:27:51'),
('11', '34', '43', '2019-09-29 20:54:45'),
('12', '12', '50', '2020-01-16 07:26:03'),
('13', '13', '100', '2020-06-20 22:00:34'),
('14', '50', '14', '2020-03-09 22:41:20'),
('15', '40', '24', '2019-08-12 16:28:56'),
('16', '83', '73', '2019-10-30 00:47:40'),
('17', '4', '63', '2020-04-23 19:41:59'),
('18', '55', '32', '2020-01-10 06:27:58'),
('19', '1', '4', '2020-02-24 16:24:47'),
('20', '28', '22', '2019-10-15 09:51:21'),
('21', '90', '80', '2020-04-27 06:08:17'),
('22', '35', '64', '2020-01-05 11:50:32'),
('23', '28', '16', '2019-11-09 03:35:06'),
('24', '93', '55', '2019-10-24 18:30:58'),
('25', '24', '46', '2019-11-20 02:27:09'),
('26', '22', '32', '2019-09-27 02:41:38'),
('27', '57', '16', '2020-03-17 20:47:27'),
('28', '72', '48', '2019-09-23 23:04:40'),
('29', '79', '17', '2019-10-29 02:30:36'),
('30', '62', '43', '2020-02-07 01:17:51'),
('31', '31', '78', '2020-04-16 05:27:15'),
('32', '76', '9', '2020-03-02 03:29:08'),
('33', '76', '48', '2020-05-29 00:26:30'),
('34', '43', '45', '2019-10-07 09:11:50'),
('35', '4', '32', '2020-04-30 17:10:21'),
('36', '78', '15', '2020-07-09 07:08:42'),
('37', '34', '45', '2019-09-28 22:21:18'),
('38', '18', '79', '2019-09-13 10:06:30'),
('39', '22', '19', '2020-04-18 04:05:33'),
('40', '25', '91', '2019-12-12 06:40:15'),
('41', '49', '88', '2020-05-27 23:01:42'),
('42', '14', '45', '2020-01-24 04:40:02'),
('43', '59', '42', '2020-07-15 00:27:16'),
('44', '48', '76', '2019-08-27 20:30:21'),
('45', '99', '99', '2020-04-29 23:07:07'),
('46', '5', '16', '2019-09-21 05:04:40'),
('47', '68', '75', '2020-01-10 12:05:48'),
('48', '43', '14', '2019-08-21 03:37:04'),
('49', '91', '42', '2019-07-15 18:13:30'),
('50', '70', '84', '2019-08-21 18:19:34'),
('51', '80', '9', '2020-05-28 02:55:22'),
('52', '28', '81', '2020-02-13 19:48:08'),
('53', '84', '14', '2020-04-30 20:26:16'),
('54', '71', '3', '2019-10-02 14:53:17'),
('55', '97', '30', '2020-03-15 09:44:22'),
('56', '65', '52', '2020-02-02 11:47:38'),
('57', '82', '12', '2020-04-23 08:58:31'),
('58', '50', '38', '2019-08-06 10:59:37'),
('59', '27', '73', '2019-12-22 01:33:59'),
('60', '29', '96', '2020-04-14 13:01:18'),
('61', '27', '8', '2020-06-27 03:18:01'),
('62', '21', '57', '2020-03-04 08:57:01'),
('63', '14', '82', '2020-05-06 07:36:37'),
('64', '57', '26', '2019-09-02 13:21:57'),
('65', '24', '47', '2020-06-21 02:43:10'),
('66', '93', '24', '2019-10-07 21:53:45'),
('67', '55', '72', '2020-04-29 17:50:16'),
('68', '52', '80', '2020-02-28 04:17:32'),
('69', '48', '64', '2020-06-26 10:20:23'),
('70', '2', '90', '2019-09-29 18:25:04'),
('71', '26', '9', '2020-02-25 07:11:21'),
('72', '5', '92', '2019-07-26 13:11:23'),
('73', '33', '46', '2020-07-14 18:45:43'),
('74', '29', '23', '2020-03-12 00:14:02'),
('75', '78', '51', '2020-06-19 12:00:20'),
('76', '61', '83', '2019-08-29 17:58:14'),
('77', '67', '48', '2019-07-26 04:46:18'),
('78', '99', '79', '2020-02-05 03:55:59'),
('79', '6', '94', '2019-10-09 22:02:05'),
('80', '3', '4', '2019-12-27 03:26:29'),
('81', '6', '89', '2020-04-12 22:07:28'),
('82', '50', '11', '2020-02-27 20:46:29'),
('83', '87', '72', '2019-12-18 13:23:39'),
('84', '82', '80', '2019-12-13 14:43:40'),
('85', '47', '77', '2019-12-29 10:22:23'),
('86', '7', '27', '2019-08-26 04:01:39'),
('87', '42', '61', '2019-12-23 12:15:01'),
('88', '27', '69', '2020-01-06 18:54:30'),
('89', '20', '100', '2019-08-25 19:23:42'),
('90', '50', '99', '2019-12-28 03:37:45'),
('91', '18', '35', '2020-03-29 00:41:24'),
('92', '59', '21', '2020-07-01 16:49:01'),
('93', '83', '23', '2020-06-29 08:24:01'),
('94', '89', '17', '2019-12-10 06:28:16'),
('95', '26', '65', '2019-11-08 23:03:26'),
('96', '26', '17', '2019-08-27 08:40:01'),
('97', '11', '69', '2019-12-06 12:46:36'),
('98', '27', '29', '2019-09-23 01:51:05'),
('99', '7', '11', '2019-11-28 10:52:19'),
('100', '18', '93', '2019-09-05 18:24:50');


insert into courses (teacher_id, fac_id, name, description, start_date) values 
(1, 5, 'Компьютерные сети', 'Введение в копьютерные сети', '2020-03-20'),
(3, 5, 'Основы языка Python', 'Введение в Python', '2020-03-16'),
(2, 5, 'Linux. Рабочая станция', 'Знакомство с ОС Linux', '2020-04-12'),
(4, 5, 'Базы данных', 'язык запросов SQL, знакомство с NoSQL', '2020-06-10'),
(6, 5, 'Алгоритмы и структуры данных Python', 'Понятие алгоритмизации', '2020-07-17'),
(5, 5, 'JavaScript', 'Введение в JavaScript', '2020-09-01'),
(8, 5, 'HTML/CSS', 'Верстка сайтов', '2020-09-20'),
(7, 5, 'JavaScript продвинутый курс', 'Углубленное изучение', '2020-10-05'),
(9, 5, 'Django', 'Знакомство с Django', '2020-10-20'),
(10, 5, 'Django-инструменты оптимизации', 'Инструменты оптимизации', '2020-11-18'),
(1, 1, 'Компьютерные сети', 'Введение в копьютерные сети', '2020-03-20'),
(3, 1, 'Основы языка С++', 'Введение в —++', '2020-03-16'),
(2, 1, 'Windows', 'Знакомство с ОС Windows', '2020-04-12'),
(4, 1, 'Базы данных', 'язык запросов SQL, знакомство с NoSQL', '2020-06-10'),
(6, 1, 'Алгоритмы и структуры данных C++', 'Понятие алгоритмизации', '2020-07-17'),
(5, 1, 'ООП', 'Введение в ООП', '2020-09-01'),
(8, 7, 'HTML/CSS', 'Верстка сайтов', '2020-09-20'),
(7, 7, 'JavaScript продвинутый курс', 'Углубленное изучение', '2020-10-05'),
(9, 7, 'Django', 'Знакомство с Django', '2020-10-20'),
(10, 7, 'Django-инструменты оптимизации', 'Инструменты оптимизации', '2020-11-18'),
(1, 2, 'Компьютерные сети', 'Введение в копьютерные сети', '2020-03-20'),
(3, 2, 'Основы языка Java', 'Введение в Java', '2020-03-16'),
(2, 2, 'Git', 'Введение в Git', '2020-04-12'),
(4, 3, 'Базы данных', 'язык запросов SQL, знакомство с NoSQL', '2020-06-10'),
(6, 3, 'Алгоритмы и структуры данных Kotlin', 'Понятие алгоритмизации', '2020-07-17'),
(5, 4, 'Основы Swift', 'Знакомство с Swift', '2020-09-01'),
(8, 4, 'Алгоритмы и структуры данных', 'Алгоримтизация', '2020-09-20'),
(7, 4, 'AppStore', 'Полезные инструменты', '2020-10-05'),
(9, 6, 'Django', 'Знакомство с Django', '2020-10-20'),
(10, 6, 'Django-инструменты оптимизации', 'Инструменты оптимизации', '2020-11-18'),
(1, 6, 'Компьютерные сети', 'Введение в копьютерные сети', '2020-03-20'),
(3, 9, 'Основы языка Go', 'Введение в Go', '2020-03-16'),
(2, 9, 'Linux. Рабочая станция', 'Знакомство с ОС Linux', '2020-04-12'),
(4, 9, 'Базы данных', 'язык запросов SQL, знакомство с NoSQL', '2020-06-10'),
(6, 9, 'Алгоритмы и структуры данных Go', 'Понятие алгоритмизации', '2020-07-17'),
(5, 8, 'С# быстрый старт', 'Введение в С#', '2020-09-01'),
(8, 8, 'Git', 'Знакомство с Git', '2020-09-20'),
(7, 8, 'ООП', 'Введение в ООП', '2020-10-05');


insert into courses_media values (1,3),
(2,7),
(3,8),
(4,10),
(5,11),
(6,12),
(7,18),
(8,19),
(9,20),
(10,22),
(11,23),
(12,24),
(13,28),
(14,31),
(15,33),
(16,36),
(17,40),
(18,42),
(19,49),
(20,52),
(21,53),
(22,54),
(23,56),
(24,57),
(25,60),
(26,63),
(27,65),
(28,71),
(29,72),
(30,73),
(31,79),
(32,83),
(33,84),
(34,85),
(35,92),
(36,93),
(37,100);


















